<?xml version="1.0" encoding="UTF-8"?>
<arsystem_xml_report><xform id="KS_SRV_ContentsElementHTML" remedy="http://www.w3.org/2000/xforms"><instance><field-info><field><name>SourceFormID</name><id>600000310</id><type>CHAR</type></field><field><name>_Parameters_Left_Temp</name><id>770006505</id><type>CHAR</type></field><field><name>DynamicText</name><id>700001048</id><type>CHAR</type></field><field><name>Clone_SourceInstanceID</name><id>700001046</id><type>CHAR</type></field><field><name>_OrigQuestionInstanceID</name><id>700001045</id><type>CHAR</type></field><field><name>_OrigSurveyInstanceID</name><id>700001044</id><type>CHAR</type></field><field><name>_ActionThree</name><id>700001043</id><type>CHAR</type></field><field><name>Button_Alignment</name><id>700073220</id><type>CHAR</type></field><field><name>Run Custom Logic</name><id>700060522</id><type>ENUM</type></field><field><name>Element_HTML</name><id>700001690</id><type>CHAR</type></field><field><name>Review_Frame</name><id>700060521</id><type>ENUM</type></field><field><name>_CategoryInstanceID</name><id>700001923</id><type>CHAR</type></field><field><name>SourceForm</name><id>600000300</id><type>CHAR</type></field><field><name>Layer_CSS_Style</name><id>70000105</id><type>CHAR</type></field><field><name>_Next</name><id>700001239</id><type>INTEGER</type></field><field><name>QuestionInstanceID</name><id>700000230</id><type>CHAR</type></field><field><name>_Last</name><id>700002239</id><type>INTEGER</type></field><field><name>ElementName_TableDisplay</name><id>700002396</id><type>CHAR</type></field><field><name>instanceId</name><id>179</id><type>CHAR</type></field><field><name>PreviousButtonElementID</name><id>700007886</id><type>CHAR</type></field><field><name>SubmitButtonElementID</name><id>700007885</id><type>CHAR</type></field><field><name>_CurrCSSStyle</name><id>70006004</id><type>CHAR</type></field><field><name>_StyleTag</name><id>70006003</id><type>CHAR</type></field><field><name>_ZeroLengthTemp2</name><id>700073306</id><type>CHAR</type></field><field><name>EditingSessionID</name><id>700002320</id><type>CHAR</type></field><field><name>_StylePartStr</name><id>70006002</id><type>CHAR</type></field><field><name>_ZeroLengthTemp1</name><id>700073305</id><type>CHAR</type></field><field><name>_StylePos</name><id>70006001</id><type>INTEGER</type></field><field><name>_SemiColonPos</name><id>70006000</id><type>INTEGER</type></field><field><name>_tmpCSS_Style_Class2</name><id>700073303</id><type>CHAR</type></field><field><name>_tmpEndLocation</name><id>700073302</id><type>INTEGER</type></field><field><name>_tmpStartLocation</name><id>700073301</id><type>INTEGER</type></field><field><name>_tmpCSS_Style_Class</name><id>700073300</id><type>CHAR</type></field><field><name>OperationID</name><id>490000700</id><type>CHAR</type></field><field><name>Element_ID_New</name><id>700001080</id><type>CHAR</type></field><field><name>Alt_Tag</name><id>700011300</id><type>CHAR</type></field><field><name>SurveyInstanceID</name><id>700000800</id><type>CHAR</type></field><field><name>SessionID</name><id>700065214</id><type>CHAR</type></field><field><name>HelpText</name><id>700011200</id><type>CHAR</type></field><field><name>Display_Style</name><id>700073060</id><type>CHAR</type></field><field><name>SortOrderChangeTo</name><id>700001212</id><type>INTEGER</type></field><field><name>_SortOrder</name><id>700002310</id><type>INTEGER</type></field><field><name>SortOrder</name><id>700001211</id><type>INTEGER</type></field><field><name>_ShiftDown</name><id>700001210</id><type>INTEGER</type></field><field><name>_Encoded_URL</name><id>700009874</id><type>CHAR</type></field><field><name>_ActionTwo</name><id>600000043</id><type>CHAR</type></field><field><name>_ActionOne</name><id>600000042</id><type>CHAR</type></field><field><name>Button_Type</name><id>700002409</id><type>ENUM</type></field><field><name>Clear_Answer</name><id>700002408</id><type>ENUM</type></field><field><name>Enable_Previous_Button</name><id>700002407</id><type>ENUM</type></field><field><name>Previous_Button_Value</name><id>700002309</id><type>CHAR</type></field><field><name>Submit_Button_Value</name><id>700002308</id><type>CHAR</type></field><field><name>_ShiftValue</name><id>700001209</id><type>INTEGER</type></field><field><name>Page_Type</name><id>700002307</id><type>ENUM</type></field><field><name>_SortOrderOffset</name><id>700002400</id><type>INTEGER</type></field><field><name>Image_Value</name><id>700002306</id><type>CHAR</type></field><field><name>_tempInstanceID</name><id>536870915</id><type>CHAR</type></field><field><name>_NextPageSortValue</name><id>700002305</id><type>INTEGER</type></field><field><name>_PageInstanceField_ID</name><id>700002304</id><type>CHAR</type></field><field><name>Element_ID_DEPR</name><id>536870913</id><type>CHAR</type></field><field><name>_EventStatus_Field_ID</name><id>710060521</id><type>CHAR</type></field><field><name>ReadOnly</name><id>700073051</id><type>ENUM</type></field><field><name>PageInstanceId</name><id>700002303</id><type>CHAR</type></field><field><name>Section_Name</name><id>700001204</id><type>CHAR</type></field><field><name>URL_Target</name><id>710060520</id><type>ENUM</type></field><field><name>Display</name><id>700073050</id><type>ENUM</type></field><field><name>_Survey_Context</name><id>700002302</id><type>CHAR</type></field><field><name>Page_Name</name><id>700001203</id><type>CHAR</type></field><field><name>Short Description</name><id>8</id><type>CHAR</type></field><field><name>Display_Page</name><id>700002301</id><type>CHAR</type></field><field><name>Element_Type</name><id>700001202</id><type>ENUM</type></field><field><name>Status</name><id>7</id><type>ENUM</type></field><field><name>Z-Order</name><id>700001201</id><type>DECIMAL</type></field><field><name>Modified Date</name><id>6</id><type>TIME</type></field><field><name>Question_Number</name><id>700001200</id><type>DECIMAL</type></field><field><name>Last Modified By</name><id>5</id><type>CHAR</type></field><field><name>Element_Name</name><id>1002</id><type>CHAR</type></field><field><name>Assigned To</name><id>4</id><type>CHAR</type></field><field><name>Create Date</name><id>3</id><type>TIME</type></field><field><name>Submitter</name><id>2</id><type>CHAR</type></field><field><name>_OpenSection</name><id>70000098</id><type>CHAR</type></field><field><name>Request ID</name><id>1</id><type>CHAR</type></field><field><name>URL_Reference</name><id>700001100</id><type>CHAR</type></field><field><name>_ElementType</name><id>70000095</id><type>CHAR</type></field><field><name>_ElementTypeField_ID</name><id>70000094</id><type>CHAR</type></field><field><name>_Multi-Purpose-Integer1</name><id>600000098</id><type>INTEGER</type></field><field><name>_Multi-Purpose-Integer</name><id>600000097</id><type>INTEGER</type></field><field><name>_ActionFive</name><id>700002002</id><type>CHAR</type></field><field><name>_Multi-Purpose3</name><id>600000092</id><type>CHAR</type></field><field><name>_Multi-Purpose2</name><id>600000091</id><type>CHAR</type></field><field><name>_ActionFour</name><id>700002000</id><type>CHAR</type></field><field><name>_Multi-Purpose</name><id>600000090</id><type>CHAR</type></field><field><name>CSSStyleClass</name><id>700060050</id><type>CHAR</type></field><field><name>_Web_Server_URL</name><id>700001259</id><type>CHAR</type></field><field><name>_AttachmentTypeField_ID</name><id>70000089</id><type>CHAR</type></field><field><name>_AttachmentFormNameField_ID</name><id>70000088</id><type>CHAR</type></field><field><name>_ValueField_ID</name><id>70000087</id><type>CHAR</type></field><field><name>_OrderField_ID</name><id>70000086</id><type>CHAR</type></field><field><name>_CurrentListValue</name><id>70000085</id><type>CHAR</type></field><field><name>_FormID</name><id>70000083</id><type>CHAR</type></field><field><name>_SurveyInstanceID_Field_ID</name><id>70000082</id><type>CHAR</type></field><field><name>_CurrentItem</name><id>70000081</id><type>CHAR</type></field><field><name>_StylesAppliedInstanceID</name><id>700001055</id><type>CHAR</type></field><field><name>_ValuesApplied</name><id>70000080</id><type>CHAR</type></field><field><name>_PageStyles</name><id>700001054</id><type>CHAR</type></field><field><name>Page_Styles</name><id>700001053</id><type>CHAR</type></field><field><name>Image_Source</name><id>700008000</id><type>ENUM</type></field><field><name>Text_Name</name><id>700001051</id><type>CHAR</type></field></field-info><entry id="000000000001740"><field_value id="600000310"/><field_value id="770006505"/><field_value id="700001048"/><field_value id="700001046"/><field_value id="700001045"/><field_value id="700001044"/><field_value id="700001043"/><field_value id="700073220"><value>Horizontal</value></field_value><field_value id="700060522"/><field_value id="700001690"><value>&lt;div id='PAGE_KS80ede86a560f2695116fc9f310ad1e686' class='templateContent ' label='Initial Page' style='overflow:hidden;'&gt;
&lt;div class='dynamicText ' id='DYNAMIC_TEXT_KSHAA5V0HJEMVAN5H3SBUJUQQ7HVCT' title='' SOURCE_FORM='KS_SRV_Manager' label='Expose Change Bridge' style=''&gt;&lt;/div&gt; 
&lt;div class='dynamicText ' id='DYNAMIC_TEXT_KSHAA5V0HJEMVAN5H3TTUJWEOKHVFW' title='' SOURCE_FORM='KS_SRV_Manager' label='Expose Change WorkInfo' style=''&gt;&lt;/div&gt; 
&lt;div class='dynamicText ' id='DYNAMIC_TEXT_KSHAA5V0HJEMVAN5H3VFUJXF05HVI5' title='' SOURCE_FORM='KS_SRV_Manager' label='Expose Incident' style=''&gt;&lt;/div&gt; 
&lt;div class='dynamicText ' id='DYNAMIC_TEXT_KSHAA5V0HJEMVAN5H3XEUJYNRZHV1Y' title='' SOURCE_FORM='KS_SRV_Manager' label='Expose Incident WorkInfo' style=''&gt;&lt;/div&gt; 
&lt;div class='dynamicText ' id='DYNAMIC_TEXT_KSHAA5V0HJEMVAN5H3Y1UJZLKIHV4E' title='' SOURCE_FORM='KS_SRV_Manager' label='Expose Request Bridge' style=''&gt;&lt;/div&gt; 
&lt;div id='BUTTON_AG8b42cefb703297324bd64511f360dca94' label='Submit' class='templateButtonLayer submitButton' style='display:inline;'&gt; &lt;input id='SUBMIT_AG8b42cefb703297324bd64511f360dca94' type='button' name='Submit' value= 'Submit' class='templateButton'/&gt; &lt;/div&gt; 
 
&lt;/div&gt;
</value></field_value><field_value id="700060521"/><field_value id="700001923"/><field_value id="600000300"/><field_value id="70000105"><value>overflow:hidden;</value></field_value><field_value id="700001239"/><field_value id="700000230"><value>KS80ede86a560f2695116fc9f310ad1e686</value></field_value><field_value id="700002239"/><field_value id="700002396"><value>PAGE: Initial Page</value></field_value><field_value id="179"><value>KS80ede86a560f2695116fc9f310ad1e686</value></field_value><field_value id="700007886"/><field_value id="700007885"/><field_value id="70006004"/><field_value id="70006003"/><field_value id="700073306"/><field_value id="700002320"/><field_value id="70006002"/><field_value id="700073305"/><field_value id="70006001"/><field_value id="70006000"/><field_value id="700073303"/><field_value id="700073302"/><field_value id="700073301"/><field_value id="700073300"/><field_value id="490000700"/><field_value id="700001080"><value>PAGE_KS80ede86a560f2695116fc9f310ad1e686</value></field_value><field_value id="700011300"/><field_value id="700000800"><value>KS08d7188f6e81c3fdbfbd52bceeebfe717</value></field_value><field_value id="700065214"/><field_value id="700011200"/><field_value id="700073060"/><field_value id="700001212"/><field_value id="700002310"/><field_value id="700001211"><value>1</value></field_value><field_value id="700001210"/><field_value id="700009874"/><field_value id="600000043"/><field_value id="600000042"/><field_value id="700002409"/><field_value id="700002408"/><field_value id="700002407"/><field_value id="700002309"/><field_value id="700002308"><value>Submit</value></field_value><field_value id="700001209"/><field_value id="700002307"><value>0</value></field_value><field_value id="700002400"/><field_value id="700002306"/><field_value id="536870915"/><field_value id="700002305"/><field_value id="700002304"/><field_value id="536870913"/><field_value id="710060521"/><field_value id="700073051"/><field_value id="700002303"><value>KS80ede86a560f2695116fc9f310ad1e686</value></field_value><field_value id="700001204"/><field_value id="710060520"/><field_value id="700073050"/><field_value id="700002302"/><field_value id="700001203"><value>Initial Page</value></field_value><field_value id="8"><value>na</value></field_value><field_value id="700002301"/><field_value id="700001202"><value>0</value></field_value><field_value id="7"><value>0</value></field_value><field_value id="700001201"/><field_value id="6"><value>1416286049</value></field_value><field_value id="700001200"/><field_value id="5"><value>Demo</value></field_value><field_value id="1002"><value>Initial Page</value></field_value><field_value id="4"/><field_value id="3"><value>1415295361</value></field_value><field_value id="2"><value>Demo</value></field_value><field_value id="70000098"/><field_value id="1"><value>000000000001740</value></field_value><field_value id="700001100"/><field_value id="70000095"/><field_value id="70000094"/><field_value id="600000098"/><field_value id="600000097"/><field_value id="700002002"/><field_value id="600000092"/><field_value id="600000091"/><field_value id="700002000"/><field_value id="600000090"/><field_value id="700060050"/><field_value id="700001259"/><field_value id="70000089"/><field_value id="70000088"/><field_value id="70000087"/><field_value id="70000086"/><field_value id="70000085"/><field_value id="70000083"/><field_value id="70000082"/><field_value id="70000081"/><field_value id="700001055"/><field_value id="70000080"/><field_value id="700001054"/><field_value id="700001053"><value>&lt;style type="text/css" title="pageStyles"&gt;
&lt;/style&gt;

 
&lt;script type="text/javascript"&gt;
function ks_actionsInit(){
clientManager.addAction(new KD.utils.ClientAction({elementId:'KSHAA5V0HJEMVAN5H3SBUJUQQ7HVCT', jsEvent:'*custom*', source:'bridge', action:KD.utils.Action._customAction, ifExpr:'', actionId:'IDHAA5V0HJEMVAN5H3SNUJVHVMHVDS', params:''})); 
clientManager.addAction(new KD.utils.ClientAction({elementId:'KSHAA5V0HJEMVAN5H3TTUJWEOKHVFW', jsEvent:'*custom*', source:'bridge', action:KD.utils.Action._customAction, ifExpr:'', actionId:'IDHAA5V0HJEMVAN5H3U5UJWKXQHVG8', params:''})); 
clientManager.addAction(new KD.utils.ClientAction({elementId:'KSHAA5V0HJEMVAN5H3VFUJXF05HVI5', jsEvent:'*custom*', source:'bridge', action:KD.utils.Action._customAction, ifExpr:'', actionId:'IDHAA5V0HJEMVAN5H3VKUJX6O2HVIW', params:''})); 
clientManager.addAction(new KD.utils.ClientAction({elementId:'KSHAA5V0HJEMVAN5H3XEUJYNRZHV1Y', jsEvent:'*custom*', source:'bridge', action:KD.utils.Action._customAction, ifExpr:'', actionId:'IDHAA5V0HJEMVAN5H3X9UJYZW0HV27', params:''})); 
clientManager.addAction(new KD.utils.ClientAction({elementId:'KSHAA5V0HJEMVAN5H3Y1UJZLKIHV4E', jsEvent:'*custom*', source:'bridge', action:KD.utils.Action._customAction, ifExpr:'', actionId:'IDHAA5V0HJEMVAN5H3Z6U0A7JOHV5I', params:''})); 
 
}
&lt;/script&gt;
</value></field_value><field_value id="700008000"><value>0</value></field_value><field_value id="700001051"/></entry><entry id="000000000001741"><field_value id="600000310"/><field_value id="770006505"/><field_value id="700001048"/><field_value id="700001046"/><field_value id="700001045"/><field_value id="700001044"/><field_value id="700001043"/><field_value id="700073220"><value>Horizontal</value></field_value><field_value id="700060522"/><field_value id="700001690"><value>&lt;div class='dynamicText ' id='DYNAMIC_TEXT_KSHAA5V0HJEMVAN5H3SBUJUQQ7HVCT' title='' SOURCE_FORM='KS_SRV_Manager' label='Expose Change Bridge' style=''&gt;&lt;/div&gt;</value></field_value><field_value id="700060521"/><field_value id="700001923"/><field_value id="600000300"><value>KS_SRV_Manager</value></field_value><field_value id="70000105"/><field_value id="700001239"/><field_value id="700000230"><value>KSHAA5V0HJEMVAN5H3SBUJUQQ7HVCT</value></field_value><field_value id="700002239"/><field_value id="700002396"><value>         TEXT: Expose Change Bridge</value></field_value><field_value id="179"><value>KSHAA5V0HJEMVAN5H3SBUJUQQ7HVCT</value></field_value><field_value id="700007886"/><field_value id="700007885"/><field_value id="70006004"/><field_value id="70006003"/><field_value id="700073306"/><field_value id="700002320"/><field_value id="70006002"/><field_value id="700073305"/><field_value id="70006001"/><field_value id="70006000"/><field_value id="700073303"/><field_value id="700073302"/><field_value id="700073301"/><field_value id="700073300"/><field_value id="490000700"/><field_value id="700001080"><value>DYNAMIC_TEXT_KSHAA5V0HJEMVAN5H3SBUJUQQ7HVCT</value></field_value><field_value id="700011300"/><field_value id="700000800"><value>KS08d7188f6e81c3fdbfbd52bceeebfe717</value></field_value><field_value id="700065214"/><field_value id="700011200"/><field_value id="700073060"/><field_value id="700001212"/><field_value id="700002310"/><field_value id="700001211"><value>2</value></field_value><field_value id="700001210"/><field_value id="700009874"/><field_value id="600000043"/><field_value id="600000042"/><field_value id="700002409"/><field_value id="700002408"/><field_value id="700002407"/><field_value id="700002309"/><field_value id="700002308"/><field_value id="700001209"/><field_value id="700002307"/><field_value id="700002400"/><field_value id="700002306"/><field_value id="536870915"/><field_value id="700002305"/><field_value id="700002304"/><field_value id="536870913"/><field_value id="710060521"/><field_value id="700073051"/><field_value id="700002303"><value>KS80ede86a560f2695116fc9f310ad1e686</value></field_value><field_value id="700001204"/><field_value id="710060520"/><field_value id="700073050"/><field_value id="700002302"/><field_value id="700001203"/><field_value id="8"><value>na</value></field_value><field_value id="700002301"/><field_value id="700001202"><value>6</value></field_value><field_value id="7"><value>0</value></field_value><field_value id="700001201"/><field_value id="6"><value>1416304287</value></field_value><field_value id="700001200"/><field_value id="5"><value>Demo</value></field_value><field_value id="1002"><value>Expose Change Bridge</value></field_value><field_value id="4"/><field_value id="3"><value>1416303997</value></field_value><field_value id="2"><value>Demo</value></field_value><field_value id="70000098"/><field_value id="1"><value>000000000001741</value></field_value><field_value id="700001100"/><field_value id="70000095"/><field_value id="70000094"/><field_value id="600000098"/><field_value id="600000097"/><field_value id="700002002"/><field_value id="600000092"/><field_value id="600000091"/><field_value id="700002000"/><field_value id="600000090"/><field_value id="700060050"/><field_value id="700001259"/><field_value id="70000089"/><field_value id="70000088"/><field_value id="70000087"/><field_value id="70000086"/><field_value id="70000085"/><field_value id="70000083"/><field_value id="70000082"/><field_value id="70000081"/><field_value id="700001055"/><field_value id="70000080"/><field_value id="700001054"/><field_value id="700001053"/><field_value id="700008000"><value>0</value></field_value><field_value id="700001051"><value>Expose Change Bridge</value></field_value></entry><entry id="000000000001742"><field_value id="600000310"/><field_value id="770006505"/><field_value id="700001048"/><field_value id="700001046"/><field_value id="700001045"/><field_value id="700001044"/><field_value id="700001043"/><field_value id="700073220"><value>Horizontal</value></field_value><field_value id="700060522"/><field_value id="700001690"><value>&lt;div class='dynamicText ' id='DYNAMIC_TEXT_KSHAA5V0HJEMVAN5H3TTUJWEOKHVFW' title='' SOURCE_FORM='KS_SRV_Manager' label='Expose Change WorkInfo' style=''&gt;&lt;/div&gt;</value></field_value><field_value id="700060521"/><field_value id="700001923"/><field_value id="600000300"><value>KS_SRV_Manager</value></field_value><field_value id="70000105"/><field_value id="700001239"/><field_value id="700000230"><value>KSHAA5V0HJEMVAN5H3TTUJWEOKHVFW</value></field_value><field_value id="700002239"/><field_value id="700002396"><value>         TEXT: Expose Change WorkInfo</value></field_value><field_value id="179"><value>KSHAA5V0HJEMVAN5H3TTUJWEOKHVFW</value></field_value><field_value id="700007886"/><field_value id="700007885"/><field_value id="70006004"/><field_value id="70006003"/><field_value id="700073306"/><field_value id="700002320"/><field_value id="70006002"/><field_value id="700073305"/><field_value id="70006001"/><field_value id="70006000"/><field_value id="700073303"/><field_value id="700073302"/><field_value id="700073301"/><field_value id="700073300"/><field_value id="490000700"/><field_value id="700001080"><value>DYNAMIC_TEXT_KSHAA5V0HJEMVAN5H3TTUJWEOKHVFW</value></field_value><field_value id="700011300"/><field_value id="700000800"><value>KS08d7188f6e81c3fdbfbd52bceeebfe717</value></field_value><field_value id="700065214"/><field_value id="700011200"/><field_value id="700073060"/><field_value id="700001212"/><field_value id="700002310"/><field_value id="700001211"><value>3</value></field_value><field_value id="700001210"/><field_value id="700009874"/><field_value id="600000043"/><field_value id="600000042"/><field_value id="700002409"/><field_value id="700002408"/><field_value id="700002407"/><field_value id="700002309"/><field_value id="700002308"/><field_value id="700001209"/><field_value id="700002307"/><field_value id="700002400"/><field_value id="700002306"/><field_value id="536870915"/><field_value id="700002305"/><field_value id="700002304"/><field_value id="536870913"/><field_value id="710060521"/><field_value id="700073051"/><field_value id="700002303"><value>KS80ede86a560f2695116fc9f310ad1e686</value></field_value><field_value id="700001204"/><field_value id="710060520"/><field_value id="700073050"/><field_value id="700002302"/><field_value id="700001203"/><field_value id="8"><value>na</value></field_value><field_value id="700002301"/><field_value id="700001202"><value>6</value></field_value><field_value id="7"><value>0</value></field_value><field_value id="700001201"/><field_value id="6"><value>1416304272</value></field_value><field_value id="700001200"/><field_value id="5"><value>Demo</value></field_value><field_value id="1002"><value>Expose Change WorkInfo</value></field_value><field_value id="4"/><field_value id="3"><value>1416304041</value></field_value><field_value id="2"><value>Demo</value></field_value><field_value id="70000098"/><field_value id="1"><value>000000000001742</value></field_value><field_value id="700001100"/><field_value id="70000095"/><field_value id="70000094"/><field_value id="600000098"/><field_value id="600000097"/><field_value id="700002002"/><field_value id="600000092"/><field_value id="600000091"/><field_value id="700002000"/><field_value id="600000090"/><field_value id="700060050"/><field_value id="700001259"/><field_value id="70000089"/><field_value id="70000088"/><field_value id="70000087"/><field_value id="70000086"/><field_value id="70000085"/><field_value id="70000083"/><field_value id="70000082"/><field_value id="70000081"/><field_value id="700001055"/><field_value id="70000080"/><field_value id="700001054"/><field_value id="700001053"/><field_value id="700008000"><value>0</value></field_value><field_value id="700001051"><value>Expose Change WorkInfo</value></field_value></entry><entry id="000000000001743"><field_value id="600000310"/><field_value id="770006505"/><field_value id="700001048"/><field_value id="700001046"/><field_value id="700001045"/><field_value id="700001044"/><field_value id="700001043"/><field_value id="700073220"><value>Horizontal</value></field_value><field_value id="700060522"/><field_value id="700001690"><value>&lt;div class='dynamicText ' id='DYNAMIC_TEXT_KSHAA5V0HJEMVAN5H3VFUJXF05HVI5' title='' SOURCE_FORM='KS_SRV_Manager' label='Expose Incident' style=''&gt;&lt;/div&gt;</value></field_value><field_value id="700060521"/><field_value id="700001923"/><field_value id="600000300"><value>KS_SRV_Manager</value></field_value><field_value id="70000105"/><field_value id="700001239"/><field_value id="700000230"><value>KSHAA5V0HJEMVAN5H3VFUJXF05HVI5</value></field_value><field_value id="700002239"/><field_value id="700002396"><value>         TEXT: Expose Incident</value></field_value><field_value id="179"><value>KSHAA5V0HJEMVAN5H3VFUJXF05HVI5</value></field_value><field_value id="700007886"/><field_value id="700007885"/><field_value id="70006004"/><field_value id="70006003"/><field_value id="700073306"/><field_value id="700002320"/><field_value id="70006002"/><field_value id="700073305"/><field_value id="70006001"/><field_value id="70006000"/><field_value id="700073303"/><field_value id="700073302"/><field_value id="700073301"/><field_value id="700073300"/><field_value id="490000700"/><field_value id="700001080"><value>DYNAMIC_TEXT_KSHAA5V0HJEMVAN5H3VFUJXF05HVI5</value></field_value><field_value id="700011300"/><field_value id="700000800"><value>KS08d7188f6e81c3fdbfbd52bceeebfe717</value></field_value><field_value id="700065214"/><field_value id="700011200"/><field_value id="700073060"/><field_value id="700001212"/><field_value id="700002310"/><field_value id="700001211"><value>4</value></field_value><field_value id="700001210"/><field_value id="700009874"/><field_value id="600000043"/><field_value id="600000042"/><field_value id="700002409"/><field_value id="700002408"/><field_value id="700002407"/><field_value id="700002309"/><field_value id="700002308"/><field_value id="700001209"/><field_value id="700002307"/><field_value id="700002400"/><field_value id="700002306"/><field_value id="536870915"/><field_value id="700002305"/><field_value id="700002304"/><field_value id="536870913"/><field_value id="710060521"/><field_value id="700073051"/><field_value id="700002303"><value>KS80ede86a560f2695116fc9f310ad1e686</value></field_value><field_value id="700001204"/><field_value id="710060520"/><field_value id="700073050"/><field_value id="700002302"/><field_value id="700001203"/><field_value id="8"><value>na</value></field_value><field_value id="700002301"/><field_value id="700001202"><value>6</value></field_value><field_value id="7"><value>0</value></field_value><field_value id="700001201"/><field_value id="6"><value>1416304300</value></field_value><field_value id="700001200"/><field_value id="5"><value>Demo</value></field_value><field_value id="1002"><value>Expose Incident</value></field_value><field_value id="4"/><field_value id="3"><value>1416304091</value></field_value><field_value id="2"><value>Demo</value></field_value><field_value id="70000098"/><field_value id="1"><value>000000000001743</value></field_value><field_value id="700001100"/><field_value id="70000095"/><field_value id="70000094"/><field_value id="600000098"/><field_value id="600000097"/><field_value id="700002002"/><field_value id="600000092"/><field_value id="600000091"/><field_value id="700002000"/><field_value id="600000090"/><field_value id="700060050"/><field_value id="700001259"/><field_value id="70000089"/><field_value id="70000088"/><field_value id="70000087"/><field_value id="70000086"/><field_value id="70000085"/><field_value id="70000083"/><field_value id="70000082"/><field_value id="70000081"/><field_value id="700001055"/><field_value id="70000080"/><field_value id="700001054"/><field_value id="700001053"/><field_value id="700008000"><value>0</value></field_value><field_value id="700001051"><value>Expose Incident</value></field_value></entry><entry id="000000000001744"><field_value id="600000310"/><field_value id="770006505"/><field_value id="700001048"/><field_value id="700001046"/><field_value id="700001045"/><field_value id="700001044"/><field_value id="700001043"/><field_value id="700073220"><value>Horizontal</value></field_value><field_value id="700060522"/><field_value id="700001690"><value>&lt;div class='dynamicText ' id='DYNAMIC_TEXT_KSHAA5V0HJEMVAN5H3XEUJYNRZHV1Y' title='' SOURCE_FORM='KS_SRV_Manager' label='Expose Incident WorkInfo' style=''&gt;&lt;/div&gt;</value></field_value><field_value id="700060521"/><field_value id="700001923"/><field_value id="600000300"><value>KS_SRV_Manager</value></field_value><field_value id="70000105"/><field_value id="700001239"/><field_value id="700000230"><value>KSHAA5V0HJEMVAN5H3XEUJYNRZHV1Y</value></field_value><field_value id="700002239"/><field_value id="700002396"><value>         TEXT: Expose Incident WorkInfo</value></field_value><field_value id="179"><value>KSHAA5V0HJEMVAN5H3XEUJYNRZHV1Y</value></field_value><field_value id="700007886"/><field_value id="700007885"/><field_value id="70006004"/><field_value id="70006003"/><field_value id="700073306"/><field_value id="700002320"/><field_value id="70006002"/><field_value id="700073305"/><field_value id="70006001"/><field_value id="70006000"/><field_value id="700073303"/><field_value id="700073302"/><field_value id="700073301"/><field_value id="700073300"/><field_value id="490000700"/><field_value id="700001080"><value>DYNAMIC_TEXT_KSHAA5V0HJEMVAN5H3XEUJYNRZHV1Y</value></field_value><field_value id="700011300"/><field_value id="700000800"><value>KS08d7188f6e81c3fdbfbd52bceeebfe717</value></field_value><field_value id="700065214"/><field_value id="700011200"/><field_value id="700073060"/><field_value id="700001212"/><field_value id="700002310"/><field_value id="700001211"><value>5</value></field_value><field_value id="700001210"/><field_value id="700009874"/><field_value id="600000043"/><field_value id="600000042"/><field_value id="700002409"/><field_value id="700002408"/><field_value id="700002407"/><field_value id="700002309"/><field_value id="700002308"/><field_value id="700001209"/><field_value id="700002307"/><field_value id="700002400"/><field_value id="700002306"/><field_value id="536870915"/><field_value id="700002305"/><field_value id="700002304"/><field_value id="536870913"/><field_value id="710060521"/><field_value id="700073051"/><field_value id="700002303"><value>KS80ede86a560f2695116fc9f310ad1e686</value></field_value><field_value id="700001204"/><field_value id="710060520"/><field_value id="700073050"/><field_value id="700002302"/><field_value id="700001203"/><field_value id="8"><value>na</value></field_value><field_value id="700002301"/><field_value id="700001202"><value>6</value></field_value><field_value id="7"><value>0</value></field_value><field_value id="700001201"/><field_value id="6"><value>1416304272</value></field_value><field_value id="700001200"/><field_value id="5"><value>Demo</value></field_value><field_value id="1002"><value>Expose Incident WorkInfo</value></field_value><field_value id="4"/><field_value id="3"><value>1416304156</value></field_value><field_value id="2"><value>Demo</value></field_value><field_value id="70000098"/><field_value id="1"><value>000000000001744</value></field_value><field_value id="700001100"/><field_value id="70000095"/><field_value id="70000094"/><field_value id="600000098"/><field_value id="600000097"/><field_value id="700002002"/><field_value id="600000092"/><field_value id="600000091"/><field_value id="700002000"/><field_value id="600000090"/><field_value id="700060050"/><field_value id="700001259"/><field_value id="70000089"/><field_value id="70000088"/><field_value id="70000087"/><field_value id="70000086"/><field_value id="70000085"/><field_value id="70000083"/><field_value id="70000082"/><field_value id="70000081"/><field_value id="700001055"/><field_value id="70000080"/><field_value id="700001054"/><field_value id="700001053"/><field_value id="700008000"><value>0</value></field_value><field_value id="700001051"><value>Expose Incident WorkInfo</value></field_value></entry><entry id="000000000001745"><field_value id="600000310"/><field_value id="770006505"/><field_value id="700001048"/><field_value id="700001046"/><field_value id="700001045"/><field_value id="700001044"/><field_value id="700001043"/><field_value id="700073220"><value>Horizontal</value></field_value><field_value id="700060522"/><field_value id="700001690"><value>&lt;div class='dynamicText ' id='DYNAMIC_TEXT_KSHAA5V0HJEMVAN5H3Y1UJZLKIHV4E' title='' SOURCE_FORM='KS_SRV_Manager' label='Expose Request Bridge' style=''&gt;&lt;/div&gt;</value></field_value><field_value id="700060521"/><field_value id="700001923"/><field_value id="600000300"><value>KS_SRV_Manager</value></field_value><field_value id="70000105"/><field_value id="700001239"/><field_value id="700000230"><value>KSHAA5V0HJEMVAN5H3Y1UJZLKIHV4E</value></field_value><field_value id="700002239"/><field_value id="700002396"><value>         TEXT: Expose Request Bridge</value></field_value><field_value id="179"><value>KSHAA5V0HJEMVAN5H3Y1UJZLKIHV4E</value></field_value><field_value id="700007886"/><field_value id="700007885"/><field_value id="70006004"/><field_value id="70006003"/><field_value id="700073306"/><field_value id="700002320"/><field_value id="70006002"/><field_value id="700073305"/><field_value id="70006001"/><field_value id="70006000"/><field_value id="700073303"/><field_value id="700073302"/><field_value id="700073301"/><field_value id="700073300"/><field_value id="490000700"/><field_value id="700001080"><value>DYNAMIC_TEXT_KSHAA5V0HJEMVAN5H3Y1UJZLKIHV4E</value></field_value><field_value id="700011300"/><field_value id="700000800"><value>KS08d7188f6e81c3fdbfbd52bceeebfe717</value></field_value><field_value id="700065214"/><field_value id="700011200"/><field_value id="700073060"/><field_value id="700001212"/><field_value id="700002310"/><field_value id="700001211"><value>6</value></field_value><field_value id="700001210"/><field_value id="700009874"/><field_value id="600000043"/><field_value id="600000042"/><field_value id="700002409"/><field_value id="700002408"/><field_value id="700002407"/><field_value id="700002309"/><field_value id="700002308"/><field_value id="700001209"/><field_value id="700002307"/><field_value id="700002400"/><field_value id="700002306"/><field_value id="536870915"/><field_value id="700002305"/><field_value id="700002304"/><field_value id="536870913"/><field_value id="710060521"/><field_value id="700073051"/><field_value id="700002303"><value>KS80ede86a560f2695116fc9f310ad1e686</value></field_value><field_value id="700001204"/><field_value id="710060520"/><field_value id="700073050"/><field_value id="700002302"/><field_value id="700001203"/><field_value id="8"><value>na</value></field_value><field_value id="700002301"/><field_value id="700001202"><value>6</value></field_value><field_value id="7"><value>0</value></field_value><field_value id="700001201"/><field_value id="6"><value>1416304272</value></field_value><field_value id="700001200"/><field_value id="5"><value>Demo</value></field_value><field_value id="1002"><value>Expose Request Bridge</value></field_value><field_value id="4"/><field_value id="3"><value>1416304271</value></field_value><field_value id="2"><value>Demo</value></field_value><field_value id="70000098"/><field_value id="1"><value>000000000001745</value></field_value><field_value id="700001100"/><field_value id="70000095"/><field_value id="70000094"/><field_value id="600000098"/><field_value id="600000097"/><field_value id="700002002"/><field_value id="600000092"/><field_value id="600000091"/><field_value id="700002000"/><field_value id="600000090"/><field_value id="700060050"/><field_value id="700001259"/><field_value id="70000089"/><field_value id="70000088"/><field_value id="70000087"/><field_value id="70000086"/><field_value id="70000085"/><field_value id="70000083"/><field_value id="70000082"/><field_value id="70000081"/><field_value id="700001055"/><field_value id="70000080"/><field_value id="700001054"/><field_value id="700001053"/><field_value id="700008000"><value>0</value></field_value><field_value id="700001051"><value>Expose Request Bridge</value></field_value></entry><entry id="000000000001746"><field_value id="600000310"/><field_value id="770006505"/><field_value id="700001048"/><field_value id="700001046"/><field_value id="700001045"/><field_value id="700001044"/><field_value id="700001043"/><field_value id="700073220"><value>Horizontal</value></field_value><field_value id="700060522"/><field_value id="700001690"><value>&lt;div id='BUTTON_AG8b42cefb703297324bd64511f360dca94' label='Submit' class='templateButtonLayer submitButton' style='display:inline;'&gt; &lt;input id='SUBMIT_AG8b42cefb703297324bd64511f360dca94' type='button' name='Submit' value= 'Submit' class='templateButton'/&gt; &lt;/div&gt;</value></field_value><field_value id="700060521"/><field_value id="700001923"/><field_value id="600000300"/><field_value id="70000105"><value>display:inline;</value></field_value><field_value id="700001239"/><field_value id="700000230"><value>AG8b42cefb703297324bd64511f360dca94</value></field_value><field_value id="700002239"/><field_value id="700002396"/><field_value id="179"><value>AG8b42cefb703297324bd64511f360dca94</value></field_value><field_value id="700007886"/><field_value id="700007885"/><field_value id="70006004"/><field_value id="70006003"/><field_value id="700073306"/><field_value id="700002320"/><field_value id="70006002"/><field_value id="700073305"/><field_value id="70006001"/><field_value id="70006000"/><field_value id="700073303"/><field_value id="700073302"/><field_value id="700073301"/><field_value id="700073300"/><field_value id="490000700"/><field_value id="700001080"><value>BUTTON_AG8b42cefb703297324bd64511f360dca94</value></field_value><field_value id="700011300"/><field_value id="700000800"><value>KS08d7188f6e81c3fdbfbd52bceeebfe717</value></field_value><field_value id="700065214"/><field_value id="700011200"/><field_value id="700073060"/><field_value id="700001212"/><field_value id="700002310"/><field_value id="700001211"><value>999</value></field_value><field_value id="700001210"/><field_value id="700009874"/><field_value id="600000043"/><field_value id="600000042"/><field_value id="700002409"><value>0</value></field_value><field_value id="700002408"/><field_value id="700002407"/><field_value id="700002309"/><field_value id="700002308"><value>Submit</value></field_value><field_value id="700001209"/><field_value id="700002307"/><field_value id="700002400"/><field_value id="700002306"/><field_value id="536870915"/><field_value id="700002305"/><field_value id="700002304"/><field_value id="536870913"/><field_value id="710060521"/><field_value id="700073051"/><field_value id="700002303"><value>KS80ede86a560f2695116fc9f310ad1e686</value></field_value><field_value id="700001204"/><field_value id="710060520"/><field_value id="700073050"/><field_value id="700002302"/><field_value id="700001203"/><field_value id="8"><value>na</value></field_value><field_value id="700002301"/><field_value id="700001202"><value>5</value></field_value><field_value id="7"><value>0</value></field_value><field_value id="700001201"/><field_value id="6"><value>1415295361</value></field_value><field_value id="700001200"/><field_value id="5"><value>Demo</value></field_value><field_value id="1002"><value>BUTTON</value></field_value><field_value id="4"/><field_value id="3"><value>1415295361</value></field_value><field_value id="2"><value>Demo</value></field_value><field_value id="70000098"/><field_value id="1"><value>000000000001746</value></field_value><field_value id="700001100"/><field_value id="70000095"/><field_value id="70000094"/><field_value id="600000098"/><field_value id="600000097"/><field_value id="700002002"/><field_value id="600000092"/><field_value id="600000091"/><field_value id="700002000"/><field_value id="600000090"/><field_value id="700060050"/><field_value id="700001259"/><field_value id="70000089"/><field_value id="70000088"/><field_value id="70000087"/><field_value id="70000086"/><field_value id="70000085"/><field_value id="70000083"/><field_value id="70000082"/><field_value id="70000081"/><field_value id="700001055"/><field_value id="70000080"/><field_value id="700001054"/><field_value id="700001053"/><field_value id="700008000"><value>0</value></field_value><field_value id="700001051"/></entry></instance></xform></arsystem_xml_report>